,index,grocery,housing,Utilities,transportation,health,misc,city,index_level,transportation_level,housing_level
0,85.0,92.4,67.4,89.0,91.9,97.7,91.6,TUMWATER,low,low,low
1,85.8,93.7,70.2,95.1,90.9,91.2,90.4,ASHFORD,low,low,low
2,87.5,93.7,71.1,98.0,95.6,100.4,91.6,FRIDAY HARBOR,low,medium,low
3,88.1,97.6,69.6,100.7,89.9,89.6,95.0,OMAK,low,low,low
4,88.6,94.6,75.6,90.3,89.8,94.6,95.1,NEWMAN LAKE,low,low,low
5,89.1,95.4,79.9,94.8,91.8,92.3,91.3,GRAPEVIEW,low,low,low
6,89.2,99.5,71.5,93.7,95.8,100.0,94.8,COLFAX,low,medium,low
7,89.9,93.7,77.4,104.0,94.0,95.5,92.9,WENATCHEE,low,low,low
8,90.0,98.7,68.8,94.4,111.2,101.8,95.3,NACHES,low,high,low
9,90.2,94.4,81.7,93.8,90.5,89.9,94.2,BINGEN,low,low,low
10,90.6,92.7,77.9,97.5,91.9,82.0,99.3,LAKE STEVENS,low,low,low
11,91.9,99.0,75.3,94.3,96.5,97.6,99.9,LYLE,low,medium,low
12,91.9,97.4,83.0,87.1,98.9,103.4,94.8,ALLYN,low,medium,low
13,92.2,91.6,81.1,98.9,98.7,97.5,97.5,KITTITAS,low,medium,low
14,92.5,90.3,84.7,102.7,92.4,94.8,96.9,CENTRALIA,low,low,low
15,92.5,103.2,82.4,82.5,97.8,96.0,96.9,COLBERT,low,medium,low
16,92.6,98.5,82.0,92.7,105.8,98.4,94.5,RITZVILLE,low,high,low
17,93.6,97.4,86.7,87.3,96.6,100.7,97.5,DEMING,low,medium,low
18,94.0,98.6,88.4,89.6,98.6,100.9,95.6,CARBONADO,low,medium,low
19,94.3,100.3,81.6,110.6,90.9,95.8,98.2,WALDRON,low,low,low
20,94.5,104.3,92.9,89.8,92.3,94.6,92.9,NORTH COVE,low,low,low
21,94.9,93.5,77.3,106.1,105.3,79.0,106.7,LIBERTY LAKE,low,high,low
22,95.5,97.5,85.3,103.4,95.2,116.8,97.9,SOUTH HILL,low,medium,low
23,95.7,97.7,90.0,95.3,91.0,109.1,99.0,BURIEN,low,low,low
24,97.1,102.4,90.7,98.7,99.0,113.8,96.8,ROCKFORD,low,medium,low
25,97.5,100.7,84.7,97.3,99.4,112.3,104.0,RANDLE,low,medium,low
26,98.2,104.6,88.1,108.9,104.7,96.4,99.4,ELK,low,high,low
27,99.6,96.3,104.8,80.6,112.6,93.1,99.4,GOLDENDALE,low,high,high
28,100.0,100.0,100.0,100.0,100.0,100.0,100.0,OTIS ORCHARDS,low,high,high
29,102.8,100.2,107.9,92.3,108.0,91.9,102.9,BURLINGTON,low,high,high
30,102.8,96.1,110.2,99.5,95.9,103.9,102.3,CONNELL,low,medium,high
31,102.8,105.4,108.5,101.3,98.7,97.3,99.2,LA CONNER,low,medium,high
32,103.2,104.2,115.5,94.6,115.2,96.4,92.7,SURFSIDE,low,high,high
33,104.6,95.3,119.8,91.1,101.7,96.0,101.9,RAVENSDALE,low,high,high
34,104.8,100.9,117.6,84.3,106.8,97.1,102.1,RAINIER,low,high,high
35,105.6,105.3,105.3,94.3,114.6,105.0,106.9,ENTIAT,low,high,high
36,105.8,101.5,120.6,100.4,101.3,95.2,99.6,INDIANOLA,low,high,high
37,112.4,106.2,131.8,108.1,106.6,95.1,104.3,SALKUM,low,high,high
38,112.9,98.4,117.9,124.7,109.4,103.4,114.7,BRINNON,low,high,high
39,114.2,108.5,126.0,88.4,114.1,120.6,113.1,BLACK DIAMOND,low,high,high
40,115.3,103.4,125.0,105.0,118.1,100.6,116.9,SOAP LAKE,medium,high,high
41,115.9,106.2,132.3,122.3,118.3,110.1,105.3,RIDGEFIELD,medium,high,high
42,116.1,105.3,109.7,114.4,106.9,130.6,127.2,PORT GAMBLE,medium,high,high
43,116.8,103.0,125.5,130.3,109.8,104.8,115.8,WESTPORT,medium,high,high
44,121.2,107.9,147.5,106.7,132.4,104.2,109.0,EDWALL,medium,high,high
45,124.0,111.4,164.0,106.7,103.1,87.7,111.7,WINTHROP,medium,high,high
46,126.6,134.1,121.3,146.2,118.0,154.4,120.4,COULEE CITY,medium,high,high
47,134.5,112.3,193.9,99.5,109.0,104.1,115.7,MCCHORD AFB,medium,high,high
48,137.6,115.2,193.8,124.5,129.1,110.5,110.9,DANVILLE,medium,high,high
49,149.7,114.0,223.8,124.8,128.1,119.8,121.1,SUNNYSIDE,medium,high,high
50,152.2,109.3,251.5,112.6,108.5,99.1,118.8,CAMAS,high,high,high
51,184.0,150.1,313.5,141.4,125.7,118.1,127.5,VAUGHN,high,high,high
52,100.0,100.0,100.0,100.0,100.0,100.0,100.0,POMEROY,low,high,high
0,85.0,92.4,67.4,89.0,91.9,97.7,91.6,LAKEWOOD,low,low,low
1,85.8,93.7,70.2,95.1,90.9,91.2,90.4,LOPEZ ISLAND,low,low,low
2,87.5,93.7,71.1,98.0,95.6,100.4,91.6,DEER MEADOWS,low,medium,low
3,88.1,97.6,69.6,100.7,89.9,89.6,95.0,DAVENPORT,low,low,low
4,88.6,94.6,75.6,90.3,89.8,94.6,95.1,KIRKLAND,low,low,low
5,89.1,95.4,79.9,94.8,91.8,92.3,91.3,ELTOPIA,low,low,low
6,89.2,99.5,71.5,93.7,95.8,100.0,94.8,PORT ORCHARD,low,medium,low
7,89.9,93.7,77.4,104.0,94.0,95.5,92.9,ARIEL,low,low,low
8,90.0,98.7,68.8,94.4,111.2,101.8,95.3,BENTON CITY,low,high,low
9,90.2,94.4,81.7,93.8,90.5,89.9,94.2,COVINGTON,low,low,low
10,90.6,92.7,77.9,97.5,91.9,82.0,99.3,PORT HADLOCK,low,low,low
11,91.9,99.0,75.3,94.3,96.5,97.6,99.9,LOON LAKE,low,medium,low
12,91.9,97.4,83.0,87.1,98.9,103.4,94.8,MENLO,low,medium,low
13,92.2,91.6,81.1,98.9,98.7,97.5,97.5,SEKIU,low,medium,low
14,92.5,90.3,84.7,102.7,92.4,94.8,96.9,GOLD BAR,low,low,low
15,92.5,103.2,82.4,82.5,97.8,96.0,96.9,TAHOLAH,low,medium,low
16,92.6,98.5,82.0,92.7,105.8,98.4,94.5,PORT TOWNSEND,low,high,low
17,93.6,97.4,86.7,87.3,96.6,100.7,97.5,MARLIN,low,medium,low
18,94.0,98.6,88.4,89.6,98.6,100.9,95.6,BONNEY LAKE,low,medium,low
19,94.3,100.3,81.6,110.6,90.9,95.8,98.2,MOUNT VERNON,low,low,low
20,94.5,104.3,92.9,89.8,92.3,94.6,92.9,BELFAIR,low,low,low
21,94.9,93.5,77.3,106.1,105.3,79.0,106.7,STRATFORD,low,high,low
22,95.5,97.5,85.3,103.4,95.2,116.8,97.9,LA CENTER,low,medium,low
23,95.7,97.7,90.0,95.3,91.0,109.1,99.0,ETHEL,low,low,low
24,97.1,102.4,90.7,98.7,99.0,113.8,96.8,FREELAND,low,medium,low
25,97.5,100.7,84.7,97.3,99.4,112.3,104.0,TOKELAND,low,medium,low
26,98.2,104.6,88.1,108.9,104.7,96.4,99.4,BUCKLEY,low,high,low
27,99.6,96.3,104.8,80.6,112.6,93.1,99.4,SPANAWAY,low,high,high
28,100.0,100.0,100.0,100.0,100.0,100.0,100.0,USK,low,high,high
29,102.8,100.2,107.9,92.3,108.0,91.9,102.9,ANACORTES,low,high,high
30,102.8,96.1,110.2,99.5,95.9,103.9,102.3,PORT ANGELES,low,medium,high
31,102.8,105.4,108.5,101.3,98.7,97.3,99.2,ROCKPORT,low,medium,high
32,103.2,104.2,115.5,94.6,115.2,96.4,92.7,ROOSEVELT,low,high,high
33,104.6,95.3,119.8,91.1,101.7,96.0,101.9,COLTON,low,high,high
34,104.8,100.9,117.6,84.3,106.8,97.1,102.1,WHITE SALMON,low,high,high
35,105.6,105.3,105.3,94.3,114.6,105.0,106.9,LAKE FOREST PARK,low,high,high
36,105.8,101.5,120.6,100.4,101.3,95.2,99.6,MCCLEARY,low,high,high
37,112.4,106.2,131.8,108.1,106.6,95.1,104.3,COPALIS CROSSING,low,high,high
38,112.9,98.4,117.9,124.7,109.4,103.4,114.7,OYSTERVILLE,low,high,high
39,114.2,108.5,126.0,88.4,114.1,120.6,113.1,SPRAGUE,low,high,high
40,115.3,103.4,125.0,105.0,118.1,100.6,116.9,PE ELL,medium,high,high
41,115.9,106.2,132.3,122.3,118.3,110.1,105.3,ZILLAH,medium,high,high
42,116.1,105.3,109.7,114.4,106.9,130.6,127.2,CENTERVILLE,medium,high,high
43,116.8,103.0,125.5,130.3,109.8,104.8,115.8,TENINO,medium,high,high
44,121.2,107.9,147.5,106.7,132.4,104.2,109.0,MILL CREEK,medium,high,high
45,124.0,111.4,164.0,106.7,103.1,87.7,111.7,HUSUM,medium,high,high
46,126.6,134.1,121.3,146.2,118.0,154.4,120.4,EVERETT,medium,high,high
47,134.5,112.3,193.9,99.5,109.0,104.1,115.7,FERNDALE,medium,high,high
48,137.6,115.2,193.8,124.5,129.1,110.5,110.9,NORDLAND,medium,high,high
49,149.7,114.0,223.8,124.8,128.1,119.8,121.1,ADDY,medium,high,high
50,152.2,109.3,251.5,112.6,108.5,99.1,118.8,KENT,high,high,high
51,184.0,150.1,313.5,141.4,125.7,118.1,127.5,YACOLT,high,high,high
52,100.0,100.0,100.0,100.0,100.0,100.0,100.0,OCEAN PARK,low,high,high
0,85.0,92.4,67.4,89.0,91.9,97.7,91.6,RIVERSIDE,low,low,low
1,85.8,93.7,70.2,95.1,90.9,91.2,90.4,HUNTS POINT,low,low,low
2,87.5,93.7,71.1,98.0,95.6,100.4,91.6,HARTLINE,low,medium,low
3,88.1,97.6,69.6,100.7,89.9,89.6,95.0,COLVILLE,low,low,low
4,88.6,94.6,75.6,90.3,89.8,94.6,95.1,SHORELINE,low,low,low
5,89.1,95.4,79.9,94.8,91.8,92.3,91.3,ACME,low,low,low
6,89.2,99.5,71.5,93.7,95.8,100.0,94.8,PRESTON,low,medium,low
7,89.9,93.7,77.4,104.0,94.0,95.5,92.9,ANDERSON ISLAND,low,low,low
8,90.0,98.7,68.8,94.4,111.2,101.8,95.3,OLYMPIA,low,high,low
9,90.2,94.4,81.7,93.8,90.5,89.9,94.2,NEAH BAY,low,low,low
10,90.6,92.7,77.9,97.5,91.9,82.0,99.3,LYMAN,low,low,low
11,91.9,99.0,75.3,94.3,96.5,97.6,99.9,EVANS,low,medium,low
12,91.9,97.4,83.0,87.1,98.9,103.4,94.8,COPALIS BEACH,low,medium,low
13,92.2,91.6,81.1,98.9,98.7,97.5,97.5,KLICKITAT,low,medium,low
14,92.5,90.3,84.7,102.7,92.4,94.8,96.9,SNOQUALMIE,low,low,low
15,92.5,103.2,82.4,82.5,97.8,96.0,96.9,SEAVIEW,low,medium,low
16,92.6,98.5,82.0,92.7,105.8,98.4,94.5,PULLMAN,low,high,low
17,93.6,97.4,86.7,87.3,96.6,100.7,97.5,SEDRO WOOLLEY,low,medium,low
18,94.0,98.6,88.4,89.6,98.6,100.9,95.6,QUINAULT,low,medium,low
19,94.3,100.3,81.6,110.6,90.9,95.8,98.2,AMANDA PARK,low,low,low
20,94.5,104.3,92.9,89.8,92.3,94.6,92.9,MOCLIPS,low,low,low
21,94.9,93.5,77.3,106.1,105.3,79.0,106.7,PUYALLUP,low,high,low
22,95.5,97.5,85.3,103.4,95.2,116.8,97.9,ONALASKA,low,medium,low
23,95.7,97.7,90.0,95.3,91.0,109.1,99.0,MAPLE FALLS,low,low,low
24,97.1,102.4,90.7,98.7,99.0,113.8,96.8,BRUSH PRAIRIE,low,medium,low
25,97.5,100.7,84.7,97.3,99.4,112.3,104.0,WALLA WALLA CO,low,medium,low
26,98.2,104.6,88.1,108.9,104.7,96.4,99.4,EVERSON,low,high,low
27,99.6,96.3,104.8,80.6,112.6,93.1,99.4,WILBUR,low,high,high
28,100.0,100.0,100.0,100.0,100.0,100.0,100.0,KELSO,low,high,high
29,102.8,100.2,107.9,92.3,108.0,91.9,102.9,LAMONT,low,high,high
30,102.8,96.1,110.2,99.5,95.9,103.9,102.3,CLEARLAKE,low,medium,high
31,102.8,105.4,108.5,101.3,98.7,97.3,99.2,THORP,low,medium,high
32,103.2,104.2,115.5,94.6,115.2,96.4,92.7,WOODINVILLE,low,high,high
33,104.6,95.3,119.8,91.1,101.7,96.0,101.9,ELMA,low,high,high
34,104.8,100.9,117.6,84.3,106.8,97.1,102.1,CURTIS,low,high,high
35,105.6,105.3,105.3,94.3,114.6,105.0,106.9,FAIRCHILD AIR FORCE BASE,low,high,high
36,105.8,101.5,120.6,100.4,101.3,95.2,99.6,AIRWAY HEIGHTS,low,high,high
37,112.4,106.2,131.8,108.1,106.6,95.1,104.3,PARKLAND,low,high,high
38,112.9,98.4,117.9,124.7,109.4,103.4,114.7,CHATTAROY,low,high,high
39,114.2,108.5,126.0,88.4,114.1,120.6,113.1,OLALLA,low,high,high
40,115.3,103.4,125.0,105.0,118.1,100.6,116.9,YARROW POINT,medium,high,high
41,115.9,106.2,132.3,122.3,118.3,110.1,105.3,MABTON,medium,high,high
42,116.1,105.3,109.7,114.4,106.9,130.6,127.2,ASOTIN,medium,high,high
43,116.8,103.0,125.5,130.3,109.8,104.8,115.8,MAPLE VALLEY,medium,high,high
44,121.2,107.9,147.5,106.7,132.4,104.2,109.0,BATTLE GROUND,medium,high,high
45,124.0,111.4,164.0,106.7,103.1,87.7,111.7,SULTAN,medium,high,high
46,126.6,134.1,121.3,146.2,118.0,154.4,120.4,ROSALIA,medium,high,high
47,134.5,112.3,193.9,99.5,109.0,104.1,115.7,COLLEGE PLACE,medium,high,high
48,137.6,115.2,193.8,124.5,129.1,110.5,110.9,CLINTON,medium,high,high
49,149.7,114.0,223.8,124.8,128.1,119.8,121.1,BELLEVUE,medium,high,high
50,152.2,109.3,251.5,112.6,108.5,99.1,118.8,TOPPENISH,high,high,high
51,184.0,150.1,313.5,141.4,125.7,118.1,127.5,HUNTERS,high,high,high
52,100.0,100.0,100.0,100.0,100.0,100.0,100.0,SPRINGDALE,low,high,high
0,85.0,92.4,67.4,89.0,91.9,97.7,91.6,ILWACO,low,low,low
1,85.8,93.7,70.2,95.1,90.9,91.2,90.4,CATHLAMET,low,low,low
2,87.5,93.7,71.1,98.0,95.6,100.4,91.6,RONALD,low,medium,low
3,88.1,97.6,69.6,100.7,89.9,89.6,95.0,MATLOCK,low,low,low
4,88.6,94.6,75.6,90.3,89.8,94.6,95.1,MESA,low,low,low
5,89.1,95.4,79.9,94.8,91.8,92.3,91.3,PASCO,low,low,low
6,89.2,99.5,71.5,93.7,95.8,100.0,94.8,KEYPORT,low,medium,low
7,89.9,93.7,77.4,104.0,94.0,95.5,92.9,GLACIER,low,low,low
8,90.0,98.7,68.8,94.4,111.2,101.8,95.3,BOTHELL,low,high,low
9,90.2,94.4,81.7,93.8,90.5,89.9,94.2,SATSOP,low,low,low
10,90.6,92.7,77.9,97.5,91.9,82.0,99.3,RENTON,low,low,low
11,91.9,99.0,75.3,94.3,96.5,97.6,99.9,LOPEZ IS,low,medium,low
12,91.9,97.4,83.0,87.1,98.9,103.4,94.8,BRIER,low,medium,low
13,92.2,91.6,81.1,98.9,98.7,97.5,97.5,POINT ROBERTS,low,medium,low
14,92.5,90.3,84.7,102.7,92.4,94.8,96.9,SOUTH CLE ELUM,low,low,low
15,92.5,103.2,82.4,82.5,97.8,96.0,96.9,WINLOCK,low,medium,low
16,92.6,98.5,82.0,92.7,105.8,98.4,94.5,VALLEY,low,high,low
17,93.6,97.4,86.7,87.3,96.6,100.7,97.5,SAMMAMISH,low,medium,low
18,94.0,98.6,88.4,89.6,98.6,100.9,95.6,NEWPORT,low,medium,low
19,94.3,100.3,81.6,110.6,90.9,95.8,98.2,CASTLE ROCK,low,low,low
20,94.5,104.3,92.9,89.8,92.3,94.6,92.9,GREENBANK,low,low,low
21,94.9,93.5,77.3,106.1,105.3,79.0,106.7,COSMOPOLIS,low,high,low
22,95.5,97.5,85.3,103.4,95.2,116.8,97.9,WOODWAY,low,medium,low
23,95.7,97.7,90.0,95.3,91.0,109.1,99.0,GRANGER,low,low,low
24,97.1,102.4,90.7,98.7,99.0,113.8,96.8,COUGAR,low,medium,low
25,97.5,100.7,84.7,97.3,99.4,112.3,104.0,SILVERDALE,low,medium,low
26,98.2,104.6,88.1,108.9,104.7,96.4,99.4,UNIONTOWN,low,high,low
27,99.6,96.3,104.8,80.6,112.6,93.1,99.4,EAST WENATCHEE,low,high,high
28,100.0,100.0,100.0,100.0,100.0,100.0,100.0,BAINBRIDGE ISLAND,low,high,high
29,102.8,100.2,107.9,92.3,108.0,91.9,102.9,BELLINGHAM,low,high,high
30,102.8,96.1,110.2,99.5,95.9,103.9,102.3,MARBLEMOUNT,low,medium,high
31,102.8,105.4,108.5,101.3,98.7,97.3,99.2,ENUMCLAW,low,medium,high
32,103.2,104.2,115.5,94.6,115.2,96.4,92.7,DAYTON,low,high,high
33,104.6,95.3,119.8,91.1,101.7,96.0,101.9,LEAVENWORTH,low,high,high
34,104.8,100.9,117.6,84.3,106.8,97.1,102.1,PALOUSE,low,high,high
35,105.6,105.3,105.3,94.3,114.6,105.0,106.9,GREENACRES,low,high,high
36,105.8,101.5,120.6,100.4,101.3,95.2,99.6,LINCOLN,low,high,high
37,112.4,106.2,131.8,108.1,106.6,95.1,104.3,MURDOCK,low,high,high
38,112.9,98.4,117.9,124.7,109.4,103.4,114.7,MICA,low,high,high
39,114.2,108.5,126.0,88.4,114.1,120.6,113.1,OAKVILLE,low,high,high
40,115.3,103.4,125.0,105.0,118.1,100.6,116.9,WATERVILLE,medium,high,high
41,115.9,106.2,132.3,122.3,118.3,110.1,105.3,PACKWOOD,medium,high,high
42,116.1,105.3,109.7,114.4,106.9,130.6,127.2,QUILCENE,medium,high,high
43,116.8,103.0,125.5,130.3,109.8,104.8,115.8,SMITH CREEK,medium,high,high
44,121.2,107.9,147.5,106.7,132.4,104.2,109.0,RICHLAND,medium,high,high
45,124.0,111.4,164.0,106.7,103.1,87.7,111.7,COUPEVILLE,medium,high,high
46,126.6,134.1,121.3,146.2,118.0,154.4,120.4,TOUCHET,medium,high,high
47,134.5,112.3,193.9,99.5,109.0,104.1,115.7,NASELLE,medium,high,high
48,137.6,115.2,193.8,124.5,129.1,110.5,110.9,VADER,medium,high,high
49,149.7,114.0,223.8,124.8,128.1,119.8,121.1,MOXEE,medium,high,high
50,152.2,109.3,251.5,112.6,108.5,99.1,118.8,HANSVILLE,high,high,high
51,184.0,150.1,313.5,141.4,125.7,118.1,127.5,BREWSTER,high,high,high
52,100.0,100.0,100.0,100.0,100.0,100.0,100.0,TAHUYA,low,high,high
0,85.0,92.4,67.4,89.0,91.9,97.7,91.6,ISSAQUAH,low,low,low
1,85.8,93.7,70.2,95.1,90.9,91.2,90.4,ALGONA,low,low,low
2,87.5,93.7,71.1,98.0,95.6,100.4,91.6,TULALIP,low,medium,low
3,88.1,97.6,69.6,100.7,89.9,89.6,95.0,STANWOOD,low,low,low
4,88.6,94.6,75.6,90.3,89.8,94.6,95.1,OAK HARBOR,low,low,low
5,89.1,95.4,79.9,94.8,91.8,92.3,91.3,MALOTT,low,low,low
6,89.2,99.5,71.5,93.7,95.8,100.0,94.8,RAYMOND,low,medium,low
7,89.9,93.7,77.4,104.0,94.0,95.5,92.9,MARYSVILLE,low,low,low
8,90.0,98.7,68.8,94.4,111.2,101.8,95.3,DEER PARK,low,high,low
9,90.2,94.4,81.7,93.8,90.5,89.9,94.2,GIG HARBOR,low,low,low
10,90.6,92.7,77.9,97.5,91.9,82.0,99.3,SEDRO-WOOLLEY,low,low,low
11,91.9,99.0,75.3,94.3,96.5,97.6,99.9,MARYHILL,low,medium,low
12,91.9,97.4,83.0,87.1,98.9,103.4,94.8,NORTH BONNEVILLE,low,medium,low
13,92.2,91.6,81.1,98.9,98.7,97.5,97.5,JOINT BASE LEWIS MCCHORD,low,medium,low
14,92.5,90.3,84.7,102.7,92.4,94.8,96.9,EASTON,low,low,low
15,92.5,103.2,82.4,82.5,97.8,96.0,96.9,PACIFIC,low,medium,low
16,92.6,98.5,82.0,92.7,105.8,98.4,94.5,ROCK ISLAND,low,high,low
17,93.6,97.4,86.7,87.3,96.6,100.7,97.5,TONASKET,low,medium,low
18,94.0,98.6,88.4,89.6,98.6,100.9,95.6,SHAW ISLAND,low,medium,low
19,94.3,100.3,81.6,110.6,90.9,95.8,98.2,LANGLEY,low,low,low
20,94.5,104.3,92.9,89.8,92.3,94.6,92.9,CHEHALIS,low,low,low
21,94.9,93.5,77.3,106.1,105.3,79.0,106.7,HOLDEN VILLAGE,low,high,low
22,95.5,97.5,85.3,103.4,95.2,116.8,97.9,OLGA,low,medium,low
23,95.7,97.7,90.0,95.3,91.0,109.1,99.0,MAZAMA,low,low,low
24,97.1,102.4,90.7,98.7,99.0,113.8,96.8,SKYKOMISH,low,medium,low
25,97.5,100.7,84.7,97.3,99.4,112.3,104.0,GRAYLAND,low,medium,low
26,98.2,104.6,88.1,108.9,104.7,96.4,99.4,CUSTER,low,high,low
27,99.6,96.3,104.8,80.6,112.6,93.1,99.4,VANTAGE,low,high,high
28,100.0,100.0,100.0,100.0,100.0,100.0,100.0,CHEWELAH,low,high,high
29,102.8,100.2,107.9,92.3,108.0,91.9,102.9,CASHMERE,low,high,high
30,102.8,96.1,110.2,99.5,95.9,103.9,102.3,WAHKIACUS,low,medium,high
31,102.8,105.4,108.5,101.3,98.7,97.3,99.2,VANCOUVER,low,medium,high
32,103.2,104.2,115.5,94.6,115.2,96.4,92.7,SOUTH PRAIRIE,low,high,high
33,104.6,95.3,119.8,91.1,101.7,96.0,101.9,LILLIWAUP,low,high,high
34,104.8,100.9,117.6,84.3,106.8,97.1,102.1,KENNEWICK,low,high,high
35,105.6,105.3,105.3,94.3,114.6,105.0,106.9,FRANCES,low,high,high
36,105.8,101.5,120.6,100.4,101.3,95.2,99.6,OKANOGAN,low,high,high
37,112.4,106.2,131.8,108.1,106.6,95.1,104.3,DES MOINES,low,high,high
38,112.9,98.4,117.9,124.7,109.4,103.4,114.7,METHOW,low,high,high
39,114.2,108.5,126.0,88.4,114.1,120.6,113.1,CHELAN,low,high,high
40,115.3,103.4,125.0,105.0,118.1,100.6,116.9,MONROE,medium,high,high
41,115.9,106.2,132.3,122.3,118.3,110.1,105.3,CUSICK,medium,high,high
42,116.1,105.3,109.7,114.4,106.9,130.6,127.2,DUPONT,medium,high,high
43,116.8,103.0,125.5,130.3,109.8,104.8,115.8,LAKE TAPPS,medium,high,high
44,121.2,107.9,147.5,106.7,132.4,104.2,109.0,HARRINGTON,medium,high,high
45,124.0,111.4,164.0,106.7,103.1,87.7,111.7,ELECTRIC CITY,medium,high,high
46,126.6,134.1,121.3,146.2,118.0,154.4,120.4,BLAINE,medium,high,high
47,134.5,112.3,193.9,99.5,109.0,104.1,115.7,MEDINA,medium,high,high
48,137.6,115.2,193.8,124.5,129.1,110.5,110.9,ROYAL CITY,medium,high,high
49,149.7,114.0,223.8,124.8,128.1,119.8,121.1,CHIMACUM,medium,high,high
50,152.2,109.3,251.5,112.6,108.5,99.1,118.8,DUVALL,high,high,high
51,184.0,150.1,313.5,141.4,125.7,118.1,127.5,AMBOY,high,high,high
52,100.0,100.0,100.0,100.0,100.0,100.0,100.0,WHITE SWAN,low,high,high
0,85.0,92.4,67.4,89.0,91.9,97.7,91.6,SPOKANE VALLEY,low,low,low
1,85.8,93.7,70.2,95.1,90.9,91.2,90.4,BZ CORNER,low,low,low
2,87.5,93.7,71.1,98.0,95.6,100.4,91.6,NINE MILE FALLS,low,medium,low
3,88.1,97.6,69.6,100.7,89.9,89.6,95.0,INCHELIUM,low,low,low
4,88.6,94.6,75.6,90.3,89.8,94.6,95.1,PATEROS,low,low,low
5,89.1,95.4,79.9,94.8,91.8,92.3,91.3,UNIVERSITY PLACE,low,low,low
6,89.2,99.5,71.5,93.7,95.8,100.0,94.8,MORTON,low,medium,low
7,89.9,93.7,77.4,104.0,94.0,95.5,92.9,MCCLEARY,low,low,low
8,90.0,98.7,68.8,94.4,111.2,101.8,95.3,OUTLOOK,low,high,low
9,90.2,94.4,81.7,93.8,90.5,89.9,94.2,GARFIELD,low,low,low
10,90.6,92.7,77.9,97.5,91.9,82.0,99.3,SUMAS,low,low,low
11,91.9,99.0,75.3,94.3,96.5,97.6,99.9,TROUT LAKE,low,medium,low
12,91.9,97.4,83.0,87.1,98.9,103.4,94.8,FORD,low,medium,low
13,92.2,91.6,81.1,98.9,98.7,97.5,97.5,ODESSA,low,medium,low
14,92.5,90.3,84.7,102.7,92.4,94.8,96.9,LUMMI ISLAND,low,low,low
15,92.5,103.2,82.4,82.5,97.8,96.0,96.9,SELAH,low,medium,low
16,92.6,98.5,82.0,92.7,105.8,98.4,94.5,KINGSTON,low,high,low
17,93.6,97.4,86.7,87.3,96.6,100.7,97.5,VERADALE,low,medium,low
18,94.0,98.6,88.4,89.6,98.6,100.9,95.6,WAPATO,low,medium,low
19,94.3,100.3,81.6,110.6,90.9,95.8,98.2,SEABECK,low,low,low
20,94.5,104.3,92.9,89.8,92.3,94.6,92.9,GLENOMA,low,low,low
21,94.9,93.5,77.3,106.1,105.3,79.0,106.7,SUQUAMISH,low,high,low
22,95.5,97.5,85.3,103.4,95.2,116.8,97.9,LYNDEN,low,medium,low
23,95.7,97.7,90.0,95.3,91.0,109.1,99.0,BREMERTON,low,low,low
24,97.1,102.4,90.7,98.7,99.0,113.8,96.8,GIFFORD,low,medium,low
25,97.5,100.7,84.7,97.3,99.4,112.3,104.0,BEAUX ARTS,low,medium,low
26,98.2,104.6,88.1,108.9,104.7,96.4,99.4,MALAGA,low,high,low
27,99.6,96.3,104.8,80.6,112.6,93.1,99.4,SILVER CREEK,low,high,high
28,100.0,100.0,100.0,100.0,100.0,100.0,100.0,MOUNTLAKE TERRACE,low,high,high
29,102.8,100.2,107.9,92.3,108.0,91.9,102.9,VALLEYFORD,low,high,high
30,102.8,96.1,110.2,99.5,95.9,103.9,102.3,CURLEW,low,medium,high
31,102.8,105.4,108.5,101.3,98.7,97.3,99.2,SOUTH BEND,low,medium,high
32,103.2,104.2,115.5,94.6,115.2,96.4,92.7,NORMANDY PARK,low,high,high
33,104.6,95.3,119.8,91.1,101.7,96.0,101.9,FORKS,low,high,high
34,104.8,100.9,117.6,84.3,106.8,97.1,102.1,UNION,low,high,high
35,105.6,105.3,105.3,94.3,114.6,105.0,106.9,SEATAC,low,high,high
36,105.8,101.5,120.6,100.4,101.3,95.2,99.6,FALL CITY,low,high,high
37,112.4,106.2,131.8,108.1,106.6,95.1,104.3,ORCAS IS,low,high,high
38,112.9,98.4,117.9,124.7,109.4,103.4,114.7,ENDICOTT,low,high,high
39,114.2,108.5,126.0,88.4,114.1,120.6,113.1,KALAMA,low,high,high
40,115.3,103.4,125.0,105.0,118.1,100.6,116.9,ORTING,medium,high,high
41,115.9,106.2,132.3,122.3,118.3,110.1,105.3,GRAHAM,medium,high,high
42,116.1,105.3,109.7,114.4,106.9,130.6,127.2,HOQUIAM,medium,high,high
43,116.8,103.0,125.5,130.3,109.8,104.8,115.8,MERCER ISLAND,medium,high,high
44,121.2,107.9,147.5,106.7,132.4,104.2,109.0,MOSSYROCK,medium,high,high
45,124.0,111.4,164.0,106.7,103.1,87.7,111.7,ROCHESTER,medium,high,high
46,126.6,134.1,121.3,146.2,118.0,154.4,120.4,CONCRETE,medium,high,high
47,134.5,112.3,193.9,99.5,109.0,104.1,115.7,BURBANK,medium,high,high
48,137.6,115.2,193.8,124.5,129.1,110.5,110.9,AUBURN,medium,high,high
49,149.7,114.0,223.8,124.8,128.1,119.8,121.1,LEBAM,medium,high,high
50,152.2,109.3,251.5,112.6,108.5,99.1,118.8,ABERDEEN,high,high,high
51,184.0,150.1,313.5,141.4,125.7,118.1,127.5,ELLENSBURG,high,high,high
52,100.0,100.0,100.0,100.0,100.0,100.0,100.0,ARLINGTON,low,high,high
0,85.0,92.4,67.4,89.0,91.9,97.7,91.6,LONGVIEW,low,low,low
1,85.8,93.7,70.2,95.1,90.9,91.2,90.4,EATONVILLE,low,low,low
2,87.5,93.7,71.1,98.0,95.6,100.4,91.6,GRAND COULEE,low,medium,low
3,88.1,97.6,69.6,100.7,89.9,89.6,95.0,FOX ISLAND,low,low,low
4,88.6,94.6,75.6,90.3,89.8,94.6,95.1,TEKOA,low,low,low
5,89.1,95.4,79.9,94.8,91.8,92.3,91.3,EASTSOUND,low,low,low
6,89.2,99.5,71.5,93.7,95.8,100.0,94.8,POULSBO,low,medium,low
7,89.9,93.7,77.4,104.0,94.0,95.5,92.9,BUCODA,low,low,low
8,90.0,98.7,68.8,94.4,111.2,101.8,95.3,NORTH BEND,low,high,low
9,90.2,94.4,81.7,93.8,90.5,89.9,94.2,ORONDO,low,low,low
10,90.6,92.7,77.9,97.5,91.9,82.0,99.3,EPHRATA,low,low,low
11,91.9,99.0,75.3,94.3,96.5,97.6,99.9,CHENEY,low,medium,low
12,91.9,97.4,83.0,87.1,98.9,103.4,94.8,TOLEDO,low,medium,low
13,92.2,91.6,81.1,98.9,98.7,97.5,97.5,ROSBURG,low,medium,low
14,92.5,90.3,84.7,102.7,92.4,94.8,96.9,WEST RICHLAND,low,low,low
15,92.5,103.2,82.4,82.5,97.8,96.0,96.9,LYNNWOOD,low,medium,low
16,92.6,98.5,82.0,92.7,105.8,98.4,94.5,PROSSER,low,high,low
17,93.6,97.4,86.7,87.3,96.6,100.7,97.5,WARDEN,low,medium,low
18,94.0,98.6,88.4,89.6,98.6,100.9,95.6,BRIDGEPORT BAR,low,medium,low
19,94.3,100.3,81.6,110.6,90.9,95.8,98.2,ARTONDALE,low,low,low
20,94.5,104.3,92.9,89.8,92.3,94.6,92.9,DARRINGTON,low,low,low
21,94.9,93.5,77.3,106.1,105.3,79.0,106.7,MOSES LAKE,low,high,low
22,95.5,97.5,85.3,103.4,95.2,116.8,97.9,CLALLAM BAY,low,medium,low
23,95.7,97.7,90.0,95.3,91.0,109.1,99.0,TUKWILA,low,low,low
24,97.1,102.4,90.7,98.7,99.0,113.8,96.8,EDGEWOOD,low,medium,low
25,97.5,100.7,84.7,97.3,99.4,112.3,104.0,OROVILLE,low,medium,low
26,98.2,104.6,88.1,108.9,104.7,96.4,99.4,SUMNER,low,high,low
27,99.6,96.3,104.8,80.6,112.6,93.1,99.4,PESHASTIN,low,high,high
28,100.0,100.0,100.0,100.0,100.0,100.0,100.0,SNOQUALMIE PASS,low,high,high
29,102.8,100.2,107.9,92.3,108.0,91.9,102.9,HOODSPORT,low,high,high
30,102.8,96.1,110.2,99.5,95.9,103.9,102.3,SEATTLE,low,medium,high
31,102.8,105.4,108.5,101.3,98.7,97.3,99.2,MILTON,low,medium,high
32,103.2,104.2,115.5,94.6,115.2,96.4,92.7,ST JOHN,low,high,high
33,104.6,95.3,119.8,91.1,101.7,96.0,101.9,STEILACOOM,low,high,high
34,104.8,100.9,117.6,84.3,106.8,97.1,102.1,MANSON,low,high,high
35,105.6,105.3,105.3,94.3,114.6,105.0,106.9,MUKILTEO,low,high,high
36,105.8,101.5,120.6,100.4,101.3,95.2,99.6,SNOHOMISH,low,high,high
37,112.4,106.2,131.8,108.1,106.6,95.1,104.3,CINEBAR,low,high,high
38,112.9,98.4,117.9,124.7,109.4,103.4,114.7,BEAVER,low,high,high
39,114.2,108.5,126.0,88.4,114.1,120.6,113.1,WALLA WALLA,low,high,high
40,115.3,103.4,125.0,105.0,118.1,100.6,116.9,LATAH,medium,high,high
41,115.9,106.2,132.3,122.3,118.3,110.1,105.3,PALISADES,medium,high,high
42,116.1,105.3,109.7,114.4,106.9,130.6,127.2,KETTLE FALLS,medium,high,high
43,116.8,103.0,125.5,130.3,109.8,104.8,115.8,RYDERWOOD,medium,high,high
44,121.2,107.9,147.5,106.7,132.4,104.2,109.0,LAKEBAY,medium,high,high
45,124.0,111.4,164.0,106.7,103.1,87.7,111.7,PACIFIC BEACH,medium,high,high
46,126.6,134.1,121.3,146.2,118.0,154.4,120.4,BOW,medium,high,high
47,134.5,112.3,193.9,99.5,109.0,104.1,115.7,CHINOOK,medium,high,high
48,137.6,115.2,193.8,124.5,129.1,110.5,110.9,CAMANO ISLAND,medium,high,high
49,149.7,114.0,223.8,124.8,128.1,119.8,121.1,EDMONDS,medium,high,high
50,152.2,109.3,251.5,112.6,108.5,99.1,118.8,LONG BEACH,high,high,high
51,184.0,150.1,313.5,141.4,125.7,118.1,127.5,OCEAN SHORES,high,high,high
52,100.0,100.0,100.0,100.0,100.0,100.0,100.0,LIND,low,high,high
0,85.0,92.4,67.4,89.0,91.9,97.7,91.6,SEVEN BAYS,low,low,low
1,85.8,93.7,70.2,95.1,90.9,91.2,90.4,FAIRFIELD,low,low,low
2,87.5,93.7,71.1,98.0,95.6,100.4,91.6,TOUTLE,low,medium,low
3,88.1,97.6,69.6,100.7,89.9,89.6,95.0,UNION GAP,low,low,low
4,88.6,94.6,75.6,90.3,89.8,94.6,95.1,PRESCOTT,low,low,low
5,89.1,95.4,79.9,94.8,91.8,92.3,91.3,WOODLAND,low,low,low
6,89.2,99.5,71.5,93.7,95.8,100.0,94.8,GRANDVIEW,low,medium,low
7,89.9,93.7,77.4,104.0,94.0,95.5,92.9,PORT LUDLOW,low,low,low
8,90.0,98.7,68.8,94.4,111.2,101.8,95.3,COULEE DAM,low,high,low
9,90.2,94.4,81.7,93.8,90.5,89.9,94.2,CARSON,low,low,low
10,90.6,92.7,77.9,97.5,91.9,82.0,99.3,KENMORE,low,low,low
11,91.9,99.0,75.3,94.3,96.5,97.6,99.9,SKAMOKAWA,low,medium,low
12,91.9,97.4,83.0,87.1,98.9,103.4,94.8,REDMOND,low,medium,low
13,92.2,91.6,81.1,98.9,98.7,97.5,97.5,LONGBRANCH,low,medium,low
14,92.5,90.3,84.7,102.7,92.4,94.8,96.9,WAITSBURG,low,low,low
15,92.5,103.2,82.4,82.5,97.8,96.0,96.9,TIETON,low,medium,low
16,92.6,98.5,82.0,92.7,105.8,98.4,94.5,OTHELLO,low,high,low
17,93.6,97.4,86.7,87.3,96.6,100.7,97.5,DALLESPORT,low,medium,low
18,94.0,98.6,88.4,89.6,98.6,100.9,95.6,GRAYS RIVER,low,medium,low
19,94.3,100.3,81.6,110.6,90.9,95.8,98.2,CARNATION,low,low,low
20,94.5,104.3,92.9,89.8,92.3,94.6,92.9,SPANGLE,low,low,low
21,94.9,93.5,77.3,106.1,105.3,79.0,106.7,NAHCOTTA,low,high,low
22,95.5,97.5,85.3,103.4,95.2,116.8,97.9,FIRCREST,low,medium,low
23,95.7,97.7,90.0,95.3,91.0,109.1,99.0,MINERAL,low,low,low
24,97.1,102.4,90.7,98.7,99.0,113.8,96.8,YAKIMA,low,medium,low
25,97.5,100.7,84.7,97.3,99.4,112.3,104.0,SPOKANE,low,medium,low
26,98.2,104.6,88.1,108.9,104.7,96.4,99.4,REPUBLIC,low,high,low
27,99.6,96.3,104.8,80.6,112.6,93.1,99.4,VASHON,low,high,high
28,100.0,100.0,100.0,100.0,100.0,100.0,100.0,SEQUIM,low,high,high
29,102.8,100.2,107.9,92.3,108.0,91.9,102.9,CLARKSTON,low,high,high
30,102.8,96.1,110.2,99.5,95.9,103.9,102.3,NEWCASTLE,low,medium,high
31,102.8,105.4,108.5,101.3,98.7,97.3,99.2,ROY,low,medium,high
32,103.2,104.2,115.5,94.6,115.2,96.4,92.7,LACEY,low,high,high
33,104.6,95.3,119.8,91.1,101.7,96.0,101.9,FIFE,low,high,high
34,104.8,100.9,117.6,84.3,106.8,97.1,102.1,TACOMA,low,high,high
35,105.6,105.3,105.3,94.3,114.6,105.0,106.9,BARING,low,high,high
36,105.8,101.5,120.6,100.4,101.3,95.2,99.6,NOOKSACK,low,high,high
37,112.4,106.2,131.8,108.1,106.6,95.1,104.3,TWISP,low,high,high
38,112.9,98.4,117.9,124.7,109.4,103.4,114.7,MEAD,low,high,high
39,114.2,108.5,126.0,88.4,114.1,120.6,113.1,RICE,low,high,high
40,115.3,103.4,125.0,105.0,118.1,100.6,116.9,GRANITE FALLS,medium,high,high
41,115.9,106.2,132.3,122.3,118.3,110.1,105.3,SILVERLAKE,medium,high,high
42,116.1,105.3,109.7,114.4,106.9,130.6,127.2,MEDICAL LAKE,medium,high,high
43,116.8,103.0,125.5,130.3,109.8,104.8,115.8,CARLTON,medium,high,high
44,121.2,107.9,147.5,106.7,132.4,104.2,109.0,CARROLLS,medium,high,high
45,124.0,111.4,164.0,106.7,103.1,87.7,111.7,SNOWDEN,medium,high,high
46,126.6,134.1,121.3,146.2,118.0,154.4,120.4,RUSTON,medium,high,high
47,134.5,112.3,193.9,99.5,109.0,104.1,115.7,BAY CENTER,medium,high,high
48,137.6,115.2,193.8,124.5,129.1,110.5,110.9,CLE ELUM,medium,high,high
49,149.7,114.0,223.8,124.8,128.1,119.8,121.1,REARDAN,medium,high,high
50,152.2,109.3,251.5,112.6,108.5,99.1,118.8,ROSLYN,high,high,high
51,184.0,150.1,313.5,141.4,125.7,118.1,127.5,UNDERWOOD,high,high,high
52,100.0,100.0,100.0,100.0,100.0,100.0,100.0,MATTAWA,low,high,high
0,85.0,92.4,67.4,89.0,91.9,97.7,91.6,SHELTON,low,low,low
1,85.8,93.7,70.2,95.1,90.9,91.2,90.4,MANSFIELD,low,low,low
2,87.5,93.7,71.1,98.0,95.6,100.4,91.6,STEVENSON,low,medium,low
3,88.1,97.6,69.6,100.7,89.9,89.6,95.0,YELM,low,low,low
4,88.6,94.6,75.6,90.3,89.8,94.6,95.1,FEDERAL WAY,low,low,low
5,89.1,95.4,79.9,94.8,91.8,92.3,91.3,FRUITLAND,low,low,low
6,89.2,99.5,71.5,93.7,95.8,100.0,94.8,WASHOUGAL,low,medium,low
7,89.9,93.7,77.4,104.0,94.0,95.5,92.9,QUINCY,low,low,low
8,90.0,98.7,68.8,94.4,111.2,101.8,95.3,CLYDE HILL,low,high,low
9,90.2,94.4,81.7,93.8,90.5,89.9,94.2,MONTESANO,low,low,low
10,90.6,92.7,77.9,97.5,91.9,82.0,99.3,GLENWOOD,low,low,low
